month,day,data,median,LB,UB
10,13,404,404,NaN,NaN
10,20,329,329,NaN,NaN
10,27,277,277,NaN,NaN
11,3,232,232,NaN,NaN
11,10,174,174,NaN,NaN
11,17,133,133,NaN,NaN
11,24,102,102,NaN,NaN
12,1,84,84,NaN,NaN
12,8,34,34,NaN,NaN
12,15,37,37,NaN,NaN
12,22,40,40,0,89.6732772763892
12,29,43,43,0,154.072824655202
1,5,46,46,0,231.860384846472
1,12,49,49,0,321.071744694872
