month,day,data,median,LB,UB
5,31,18,18,NA,NA
6,7,21,21,NA,NA
6,14,58,58,NA,NA
6,21,165,165,NA,NA
6,28,215,215,NA,NA
7,5,315,315,NA,NA
7,12,930,930,NA,NA
7,19,1499,1499,NA,NA
7,26,2068,2068,1645.245567,2490.754433
8,2,2637,2637,1691.692349,3582.307651
8,9,3206,3206,1624.197752,4787.802248
8,16,3775,3775,1459.478606,6090.521394
